Intitulé du poste,Date de publication,lieu,competences,Type de poste
['\nData Analyst - Publicité\n'],"
postée il y a 21 jours
",['\nParis\n'],"['\nsql\n', '\nt-sql\n', '\noutils\n']","['\n', '\n', 'Sept Lieues SAS', '\n', 'Cabinet de recrutement', '\n', '\n', '\nCDI - temps plein\n']"
['Data analyst - H/F\n'],"
postée il y a 1 mois
","['\nParis, La Défense\n']","['\nsupport\n', '\noutils\n', '\nagile\n', '\ndesign\n', '\nbig data\n']","['\n', '\n', 'EDF France', '\n', 'Client final', '\n', '\n', '\nCDI - temps plein\n']"
['Customer Data Analyst (H/F)\n'],"
postée il y a 27 jours
",['\nParis\n'],"['\ncrm\n', '\ndata quality\n', '\nsql\n', '\nsas\n', '\npython\n']","['\n', '\n', 'Hermès', '\n', 'Client final', '\n', '\n', '\nCDI - temps plein\n']"
['Master Data Analyst H/F\n'],"
postée il y a 21 jours
",['\nMoussy-le-Vieux\n'],"['\nsi\n', '\nsupport\n', '\nsap\n']","['\n', '\n', 'TEREOS', '\n', 'Client final', '\n', '\n', '\nCDI - temps plein\n']"
['Portfolio Data Analyst H/F\n'],"
postée il y a 3 jours
",['\nFrance\n'],"['\noutils\n', '\nsupport\n', '\ndecisionnel\n', '\nsql\n', '\ntest\n']","['\n', '\n', 'Safran-Group', '\n', 'Client final', '\n', '\n', '\nCDI - temps plein\n']"
['Data Analyst BO/Qlick Sense (h/f)\n'],"
postée il y a 15 jours
","['\nMaisons Alfort\n', '\n45.000,00 € - 50.000,00 € / an\n']","['\nsupport\n', '\nsql\n', '\ndata management\n', '\nbusiness objects\n', '\nt-sql\n']","['\n', '\n', 'FED IT', '\n', 'Cabinet de recrutement', '\n', '\n', '\nCDD/Intérim - temps plein\n']"
['Product Data Analyst - BI - H/F\n'],"
postée il y a 28 jours
",['\nParis\n'],"['\ncloud\n', '\npaas\n', '\nqlik\n', '\niaas\n', '\nsupport\n']","['\n', '\n', 'Cegid', '\n', 'Client final', '\n', '\n', '\nCDI - temps plein\n']"
['Data Analyst / Chef de Projet BI (h/f)\n'],"
postée il y a 1 mois
","['\nPARIS\n', '\n60.000,00 € - 62.000,00 € / an\n']","['\ndata management\n', '\nbusiness intelligence\n', '\nbases de données\n']","['\n', '\n', 'FED IT', '\n', 'Cabinet de recrutement', '\n', '\n', '\nCDI - temps plein\n']"
['Business analyst senior DATA CRM - Paris H/F\n'],"
postée il y a 12 heures
",['\nParis\n'],"['\ncrm\n', '\nagile\n', '\ndecisionnel\n', '\nréseaux\n', '\nréseau\n']","['\n', '\n', 'Credit Agricole', '\n', 'Client final', '\n', '\n', '\nCDI - temps plein\n']"
['Data scientist / Analyst and software development F/H\n'],"
postée il y a 13 jours
",['\nRueil-Malmaison\n'],"['\nbig data\n', '\nscrum\n', '\nintelligence artificielle\n', '\nelectronique\n', '\nmaintenance\n']","['\n', '\n', 'Vinci', '\n', 'Client final', '\n', '\n', '\nStage\n']"
['Data Analyst (H/F) – Mobile Gaming - Gaminho\n'],"
postée il y a 13 jours
",['\nParis\n'],"['\nmobile\n', '\nmarketing\n', '\noutils\n', '\nt-sql\n', '\nsql\n']","['\n', '\n', 'Paris&Co', '\n', 'Client final', '\n', '\n', '\nCDI - temps plein\n']"
['Responsable Analyses et Data Relation Clients Assurances Dommages-(H/F)\n'],"
postée il y a 14 jours
",['\nLa Defense\n'],"['\nsas\n', '\ntéléphonie\n', '\nserveur\n', '\ncommunication\n']","['\n', '\n', 'Société générale', '\n', 'Client final', '\n', '\n', '\nCDI - temps plein\n']"
['\nDATA INGENIEUR F/H\n'],"
postée il y a 3 jours
",['\nSuresnes\n'],"['\ndigital\n', '\noutils\n', '\ncloud\n', '\nwebmarketing\n', '\nmarketing\n']","['\n', '\n', 'Fyte', '\n', 'Cabinet de recrutement', '\n', '\n', '\nCDI - temps plein\n']"
['Alternant - Data Analyst - statistiques prédictiveset connaissance client (H/F)\n'],"
postée il y a 14 jours
",['\nSaint-Ouen\n'],"['\noutils\n', '\nmarketing\n', '\ndigital\n', '\nmachine learning\n', '\npython\n']","['\n', '\n', 'Groupe ENGIE', '\n', 'Client final', '\n', '\n', '\nCDI - temps plein\n']"
['Data Scientist - CDI\n'],"
postée il y a 28 jours
","['\nRUEIL MALMAISON\n', '\n60.000,00 € - 65.000,00 € / an\n']","['\nmarketing\n', '\ndata management\n', '\nsupport\n']","['\n', '\n', 'FED IT', '\n', 'Cabinet de recrutement', '\n', '\n', '\nCDI - temps plein\n']"
['\nIngénieur MCO CyberSOC F/H\n'],"
postée il y a 9 jours
",['\nPuteaux\n'],"['\nsécurité\n', '\nsecurité\n', '\nsi\n', '\nréseau\n', '\noutils\n']","['\n', '\n', 'I-Tracing', '\n', 'Cabinet de conseil', '\n', '\n', '\nCDI - temps plein\n']"
['Consultant Data h/f\n'],"
postée il y a 2 jours
","['\nParis\n', '\n60.000,00 € - 70.000,00 € / an\n']","['\nbig data\n', '\noracle\n', '\ncloud\n', '\nsap\n', '\npython\n']","['\n', '\n', 'Selescope', '\n', '\n', '\nCDI - temps plein\n']"
['DATA ENGINEER BIG DATA - H/F\n'],"
postée il y a 2 jours
",['\nPARIS\n'],"['\nbig data\n', '\npython\n', '\nsupport\n', '\nintelligence artificielle\n', '\nhadoop\n']","['\n', '\n', 'Banque de France', '\n', 'Administration Publique', '\n', '\n', '\nCDI - temps plein\n']"
['DATA QUALITY MANAGER-(H/F)\n'],"
postée il y a 14 jours
",['\nFontenay-sous-Bois\n'],"['\ndata quality\n', '\nmarketing\n']","['\n', '\n', 'Société générale', '\n', 'Client final', '\n', '\n', '\nCDI - temps plein\n']"
['\nChef de projets data - analytics H/F\n'],"
postée il y a 5 jours
","['\nGennevilliers\n', '\n60.000,00 € - 70.000,00 € / an\n']","['\nmarketing\n', '\noutils\n', '\ndigital\n', '\nux\n', '\nmobile\n']","['\n', '\n', 'Hays France', '\n', 'Cabinet de recrutement', '\n', '\n', '\nCDI - temps plein\n']"
['Senior Data Engineer - WINGLET.IO\n'],"
postée il y a 22 jours
",['\nParis\n'],"['\nscala\n', '\ndata quality\n', '\nedge\n', '\npython\n', '\nbig data\n']","['\n', '\n', 'Paris&Co', '\n', 'Client final', '\n', '\n', '\nCDI - temps plein\n']"
['Responsable Etudes et Projets SI H/F\n'],"
postée il y a 8 heures
","['\nBoulogne-Billancourt\n', '\n55.000,00 € - 60.000,00 € / an\n']","['\nsi\n', '\ndata management\n', '\ndata quality\n', '\nméthodologie\n', '\noutils\n']","['\n', '\n', 'Michael Page', '\n', 'Cabinet de recrutement', '\n', '\n', '\nCDI - temps plein\n']"
['\nIngénieur BI & Big Data stagiaire F/H\n'],"
postée il y a 25 jours
",['\nSaint-Germain-en-Laye\n'],"['\nbig data\n', '\nbases de données\n', '\nnosql\n', '\nsystème\n', '\ndecisionnel\n']","['\n', '\n', 'TRIMANE', '\n', 'ESN', '\n', '\n', '\nStage\n']"
['\nStage BI & Big Data #3 F/H\n'],"
postée il y a 21 jours
",['\nSaint-Germain-en-Laye\n'],"['\nbig data\n', '\nbusiness intelligence\n', '\nmachine learning\n', '\noutils\n', '\nnosql\n']","['\n', '\n', 'TRIMANE', '\n', 'ESN', '\n', '\n', '\nStage\n']"
['Ingénieur d’affaires / Business Developer–Data h/f\n'],"
postée il y a 29 jours
","['\nSuresnes\n', '\n70.000,00 € - 100.000,00 € / an\n']","['\nbusiness intelligence\n', '\ncrm\n', '\nintelligence artificielle\n', '\nsystème\n', '\nréseau\n']","['\n', '\n', 'Selescope', '\n', '\n', '\nCDI - temps plein\n']"
['Business Developer – IA / Data Analytics h/f\n'],"
postée il y a 19 jours
","['\nSuresnes\n', '\n70.000,00 € - 100.000,00 € / an\n']","['\nintelligence artificielle\n', '\nbusiness intelligence\n', '\ncrm\n', '\nsystème\n', '\nréseau\n']","['\n', '\n', 'Selescope', '\n', '\n', '\nCDI - temps plein\n']"
['Business Analyst / Solution Owner - Life Sciences\n'],"
postée hier
","['\nLa Défense, Île de France, FR\n']","['\nsi\n', '\nmultimédia\n', '\nacquisition\n', '\ntélécoms\n']","['\n', '\n', 'MODIS', '\n', 'Cabinet de conseil', '\n', '\n', '\nCDI - temps plein\n']"
['Data Engineer - H/F\n'],"
postée il y a 1 mois
","['\nParis, La Défense\n']","['\noutils\n', '\nbig data\n', '\npython\n', '\ndevops\n', '\nagile\n']","['\n', '\n', 'EDF France', '\n', 'Client final', '\n', '\n', '\nCDI - temps plein\n']"
['Business Analyst / Business Intelligence\n'],"
postée hier
","['\nRUEIL MALMAISON\n', '\n35.000,00 € - 45.000,00 € / an\n']","['\nbusiness intelligence\n', '\nmarketing\n', '\nintelligence artificielle\n']","['\n', '\n', 'FED IT', '\n', 'Cabinet de recrutement', '\n', '\n', '\nCDI - temps plein\n']"
['Stagiaire Ingénieur Big Data/ Intelligence Artificielle H/F H/F\n'],"
postée il y a 5 jours
",['\nIle-de-France\n'],"['\nbig data\n', '\nintelligence artificielle\n', '\nnosql\n', '\npython\n', '\nhadoop\n']","['\n', '\n', 'Direct energie', '\n', 'Client final', '\n', '\n', '\nStage\n']"
['\nGlobal Technical SEO Manager\n'],"
postée il y a 14 jours
",['\nParis\n'],"['\nseo\n', '\ncommunication\n', '\nnetwork\n', '\naccess\n', '\nrails\n']","['\n', '\n', 'CareerBuilder.com', '\n', 'Client final', '\n', '\n', '\nCDI - temps plein\n']"
['\nTechnicien Support Informatique H/F\n'],"
postée il y a 13 jours
",['\nIle de France\n'],"['\nsupport\n', '\nwan\n', '\nwindows\n', '\noutils\n', '\nexchange\n']","['\n', '\n', 'UMANIS', '\n', 'ESN', '\n', '\n', '\nCDI - temps plein\n']"
['Investor Relations Professional\n'],"
postée il y a 9 jours
",['\nRueil-Malmaison\n'],"['\ncommunication\n', '\nsupport\n', '\ndatabase\n', '\ncrm\n', '\naccess\n']","['\n', '\n', 'Société générale', '\n', 'Client final', '\n', '\n', '\nCDI - temps plein\n']"
['AGILE BUSINESS ANALYST\n'],"
postée il y a 22 jours
",['\nIle de France\n'],"['\nagile\n', '\nsi\n', '\nsupport\n', '\ndevops\n', '\nsql\n']","['\n', '\n', 'Societe Generale', '\n', 'Client final', '\n', '\n', '\nCDI - temps plein\n']"
['Alternance - Analyse de sensibilité des données métier et mise en oeuvre du référentiel data/big data - H/F\n'],"
postée il y a 21 jours
","['\nParis, La Défense\n']","['\noutils\n', '\nbig data\n', '\nsi\n', '\nréseau\n', '\nsecurité\n']","['\n', '\n', 'EDF France', '\n', 'Client final', '\n', '\n', '\nContrat de professionnalisation\n']"
['DATA SCIENTIST\n'],"
postée il y a 9 jours
",['\nVal-de-Marne\n'],"['\nhadoop\n', '\nmachine learning\n', '\noutils\n', '\nbases de données\n', '\nsql\n']","['\n', '\n', 'Societe Generale', '\n', 'Client final', '\n', '\n', '\nCDI - temps plein\n']"
['Junior Data Scientist - WINGLET.IO\n'],"
postée il y a 22 jours
",['\nParis\n'],"['\nsql\n', '\npython\n', '\nscala\n', '\nt-sql\n', '\nedge\n']","['\n', '\n', 'Paris&Co', '\n', 'Client final', '\n', '\n', '\nCDI - temps plein\n']"
['Senior Data Scientist - WINGLET.IO\n'],"
postée il y a 22 jours
",['\nParis\n'],"['\nsql\n', '\npython\n', '\nscala\n', '\nt-sql\n', '\nedge\n']","['\n', '\n', 'Paris&Co', '\n', 'Client final', '\n', '\n', '\nCDI - temps plein\n']"
['\nData Scientist\n'],"
postée il y a 29 jours
","['\nParis\n', '\n45.000,00 € - 70.000,00 € / an\n']","['\nmachine learning\n', '\nméthodologie\n', '\nagile\n']","['\n', '\n', 'Key Consulting', '\n', 'ESN', '\n', '\n', '\nCDI - temps plein\n']"
['Stage Data Analyst-(H/F)\n'],"
postée hier
",['\nLa Defense\n'],"['\noutils\n', '\nperl\n', '\nvba\n', '\ntest\n', '\ndata management\n']","['\n', '\n', 'Société générale', '\n', 'Client final', '\n', '\n', '\nCDI - temps plein\n']"
['Digital Analyst eCommerce (H/F)\n'],"
postée il y a 7 jours
",['\nMassy\n'],"['\ndigital\n', '\noutils\n', '\ne-commerce\n', '\nmarketing\n', '\ninternet\n']","['\n', '\n', 'Carrefour', '\n', 'Client final', '\n', '\n', '\nCDI - temps plein\n']"
['DATA QUALITY COORDINATION MANAGER-(H/F)\n'],"
postée il y a 22 jours
",['\nFontenay-sous-Bois\n'],"['\ndata quality\n', '\nbig data\n', '\ndevops\n', '\nflex\n', '\ndecisionnel\n']","['\n', '\n', 'Société générale', '\n', 'Client final', '\n', '\n', '\nCDI - temps plein\n']"
['\nIngénieur Cybersécurité H/F\n'],"
postée il y a 2 jours
",['\nParis\n'],"['\nsécurité\n', '\nsecurité\n', '\nblockchain\n', '\ndevops\n', '\ndesign\n']","['\n', '\n', 'CAP FI TECHNOLOGY', '\n', 'ESN', '\n', '\n', '\nCDI - temps plein\n']"
['\nBusiness analyst (Data) - Client final (Private Equity)  - CDI - 50/80K€ - 75\n'],"
postée il y a 17 jours
","['\nParis\n', '\n50.000,00 € - 80.000,00 € / an\n']","['\nrecette\n', '\nsi\n', '\nbig data\n', '\nintelligence artificielle\n']","['\n', '\n', 'MR SEARCH', '\n', 'Cabinet de recrutement', '\n', '\n', '\nCDI - temps plein\n']"
['ADJOINT AU RESPONSABLE DES SOLUTIONS BUSINESS INTELLIGENCE - H/F\n'],"
postée il y a 2 jours
",['\nNOISIEL\n'],"['\nsap\n', '\nsas\n', '\ninformatica\n', '\nbusiness intelligence\n', '\nmicrosoft\n']","['\n', '\n', 'Banque de France', '\n', 'Administration Publique', '\n', '\n', '\nCDI - temps plein\n']"
['\nConsultant Cognos F/H\n'],"
postée il y a 21 jours
",['\nÎle-de-France\n'],"['\ncognos\n', '\netl\n', '\nibm\n', '\nframework\n', '\noutils\n']","['\n', '\n', 'TRIMANE', '\n', 'ESN', '\n', '\n', '\nCDI - temps plein\n']"
['Chief Data Scientist-(H/F)\n'],"
postée il y a 22 jours
",['\nLa Defense\n'],"['\npython\n', '\nframework\n', '\ntensorflow\n', '\nagile\n', '\nintelligence artificielle\n']","['\n', '\n', 'Société générale', '\n', 'Client final', '\n', '\n', '\nCDI - temps plein\n']"
['Data Science Engineer - Danone IS/IT\n'],"
postée il y a 9 jours
",['\nSaint-Ouen\n'],"['\nbig data\n', '\njava\n', '\ndata management\n', '\nsupport\n', '\njavascript\n']","['\n', '\n', 'Danone', '\n', 'Client final', '\n', '\n', '\nCDI - temps plein\n']"
['Analyste Fonctionnel BI Microsoft (H/F)\n'],"
postée il y a 22 jours
",['\nÎle-de-France\n'],"['\nmicrosoft\n', '\noutils\n', '\nsql server\n', '\nsql\n', '\nsecurité\n']","['\n', '\n', 'ENGIE', '\n', 'Editeur de logiciel', '\n', '\n', '\nCDI - temps plein\n']"
['Stage - Chargé de projet data référentiel clients-(H/F)\n'],"
postée il y a 15 jours
",['\nColombes\n'],"['\nsi\n', '\ndata management\n', '\ndigital\n']","['\n', '\n', 'Société générale', '\n', 'Client final', '\n', '\n', '\nCDI - temps plein\n']"
['\nDATA MANAGER H/F\n'],"
postée il y a 1 mois
",['\nLevallois-Perret\n'],['\nsas\n'],"['\n', '\n', 'UTI GROUP', '\n', 'ESN', '\n', '\n', '\nCDI - temps plein\n']"
['Expert Data Protection & Data Privacy Management\n'],"
postée il y a 15 jours
",['\nHauts-de-Seine\n'],"['\ndata management\n', '\nsi\n', '\nsecurité\n', '\noutils\n', '\nsécurité\n']","['\n', '\n', 'Societe Generale', '\n', 'Client final', '\n', '\n', '\nCDI - temps plein\n']"
['Expert Data Protection & Data Privacy Management-(H/F)\n'],"
postée il y a 20 jours
",['\nLa Defense\n'],"['\ndata management\n', '\nsi\n', '\nsecurité\n', '\noutils\n', '\nbig data\n']","['\n', '\n', 'Société générale', '\n', 'Client final', '\n', '\n', '\nCDI - temps plein\n']"
['Chef de projet Data\n'],"
postée il y a 21 jours
","['\nParis\n', '\n30.000,00 € - 60.000,00 € / an\n']",['\nagile\n'],"['\n', '\n', 'Nexton Consulting', '\n', 'Cabinet de conseil', '\n', '\n', '\nCDI - temps plein\n']"
['Responsable Protection des Données Personnelles pour le Data Office Groupe-(H/F)\n'],"
postée il y a 20 jours
",['\nLa Defense\n'],"['\ndata management\n', '\nsi\n', '\nsecurité\n', '\noutils\n', '\nbig data\n']","['\n', '\n', 'Société générale', '\n', 'Client final', '\n', '\n', '\nCDI - temps plein\n']"
['2016-433 - Data Engineer H/F\n'],"
postée il y a 28 jours
",['\nParis\n'],"['\nmarketing\n', '\nhadoop\n', '\ncrm\n', '\njava\n', '\npython\n']","['\n', '\n', 'SeLoger', '\n', 'Client final', '\n', '\n', '\nCDI - temps plein\n']"
['Data Scientist – STAGE 6 mois\n'],"
postée il y a 20 jours
",['\nCourbevoie\n'],"['\nvba\n', '\nsystème\n']","['\n', '\n', 'Groupe ENGIE', '\n', 'Client final', '\n', '\n', '\nCDI - temps plein\n']"
['Stagiaire ingénieur de test (H/F)\n'],"
postée il y a 22 jours
",['\nMassy\n'],"['\ntest\n', '\nbig data\n', '\nrecette\n', '\noutils\n', '\ncommunication\n']","['\n', '\n', 'Carrefour', '\n', 'Client final', '\n', '\n', '\nStage\n']"
['\nArchitecte logiciel (H/F)\n'],"
postée il y a 24 jours
",['\nLevallois-Perret\n'],"['\nsi\n', '\nweb\n', '\nsalesforce\n', '\ninfrastructure\n', '\ncloud\n']","['\n', '\n', 'Edifixio', '\n', 'Cabinet de conseil', '\n', '\n', '\nCDI - temps plein\n']"
['Chef de Projet Web Analyses F/H\n'],"
postée il y a 1 mois
",['\nBoulogne-Billancourt\n'],"['\nweb\n', '\nrecette\n', '\ndigital\n', '\nmarketing\n', '\ndata management\n']","['\n', '\n', 'FEDERATION FRANCAISE DE TENNIS', '\n', 'Client final', '\n', '\n', '\nCDI - temps plein\n']"
['\nData Analyst - Publicité\n'],"
postée il y a 21 jours
",['\nParis\n'],"['\nsql\n', '\nt-sql\n', '\noutils\n']","['\n', '\n', 'Sept Lieues SAS', '\n', 'Cabinet de recrutement', '\n', '\n', '\nCDI - temps plein\n']"
['Data analyst - H/F\n'],"
postée il y a 1 mois
","['\nParis, La Défense\n']","['\nsupport\n', '\noutils\n', '\nagile\n', '\ndesign\n', '\nbig data\n']","['\n', '\n', 'EDF France', '\n', 'Client final', '\n', '\n', '\nCDI - temps plein\n']"
['Customer Data Analyst (H/F)\n'],"
postée il y a 27 jours
",['\nParis\n'],"['\ncrm\n', '\ndata quality\n', '\nsql\n', '\nsas\n', '\npython\n']","['\n', '\n', 'Hermès', '\n', 'Client final', '\n', '\n', '\nCDI - temps plein\n']"
['Master Data Analyst H/F\n'],"
postée il y a 21 jours
",['\nMoussy-le-Vieux\n'],"['\nsi\n', '\nsupport\n', '\nsap\n']","['\n', '\n', 'TEREOS', '\n', 'Client final', '\n', '\n', '\nCDI - temps plein\n']"
['Portfolio Data Analyst H/F\n'],"
postée il y a 3 jours
",['\nFrance\n'],"['\noutils\n', '\nsupport\n', '\ndecisionnel\n', '\nsql\n', '\ntest\n']","['\n', '\n', 'Safran-Group', '\n', 'Client final', '\n', '\n', '\nCDI - temps plein\n']"
['Data Analyst BO/Qlick Sense (h/f)\n'],"
postée il y a 15 jours
","['\nMaisons Alfort\n', '\n45.000,00 € - 50.000,00 € / an\n']","['\nsupport\n', '\nsql\n', '\ndata management\n', '\nbusiness objects\n', '\nt-sql\n']","['\n', '\n', 'FED IT', '\n', 'Cabinet de recrutement', '\n', '\n', '\nCDD/Intérim - temps plein\n']"
['Product Data Analyst - BI - H/F\n'],"
postée il y a 28 jours
",['\nParis\n'],"['\ncloud\n', '\npaas\n', '\nqlik\n', '\niaas\n', '\nsupport\n']","['\n', '\n', 'Cegid', '\n', 'Client final', '\n', '\n', '\nCDI - temps plein\n']"
['Data Analyst / Chef de Projet BI (h/f)\n'],"
postée il y a 1 mois
","['\nPARIS\n', '\n60.000,00 € - 62.000,00 € / an\n']","['\ndata management\n', '\nbusiness intelligence\n', '\nbases de données\n']","['\n', '\n', 'FED IT', '\n', 'Cabinet de recrutement', '\n', '\n', '\nCDI - temps plein\n']"
['Business analyst senior DATA CRM - Paris H/F\n'],"
postée il y a 12 heures
",['\nParis\n'],"['\ncrm\n', '\nagile\n', '\ndecisionnel\n', '\nréseaux\n', '\nréseau\n']","['\n', '\n', 'Credit Agricole', '\n', 'Client final', '\n', '\n', '\nCDI - temps plein\n']"
['Data scientist / Analyst and software development F/H\n'],"
postée il y a 13 jours
",['\nRueil-Malmaison\n'],"['\nbig data\n', '\nscrum\n', '\nintelligence artificielle\n', '\nelectronique\n', '\nmaintenance\n']","['\n', '\n', 'Vinci', '\n', 'Client final', '\n', '\n', '\nStage\n']"
['Data Analyst (H/F) – Mobile Gaming - Gaminho\n'],"
postée il y a 13 jours
",['\nParis\n'],"['\nmobile\n', '\nmarketing\n', '\noutils\n', '\nt-sql\n', '\nsql\n']","['\n', '\n', 'Paris&Co', '\n', 'Client final', '\n', '\n', '\nCDI - temps plein\n']"
['Responsable Analyses et Data Relation Clients Assurances Dommages-(H/F)\n'],"
postée il y a 14 jours
",['\nLa Defense\n'],"['\nsas\n', '\ntéléphonie\n', '\nserveur\n', '\ncommunication\n']","['\n', '\n', 'Société générale', '\n', 'Client final', '\n', '\n', '\nCDI - temps plein\n']"
['\nDATA INGENIEUR F/H\n'],"
postée il y a 3 jours
",['\nSuresnes\n'],"['\ndigital\n', '\noutils\n', '\ncloud\n', '\nwebmarketing\n', '\nmarketing\n']","['\n', '\n', 'Fyte', '\n', 'Cabinet de recrutement', '\n', '\n', '\nCDI - temps plein\n']"
['Alternant - Data Analyst - statistiques prédictiveset connaissance client (H/F)\n'],"
postée il y a 14 jours
",['\nSaint-Ouen\n'],"['\noutils\n', '\nmarketing\n', '\ndigital\n', '\nmachine learning\n', '\npython\n']","['\n', '\n', 'Groupe ENGIE', '\n', 'Client final', '\n', '\n', '\nCDI - temps plein\n']"
['Data Scientist - CDI\n'],"
postée il y a 28 jours
","['\nRUEIL MALMAISON\n', '\n60.000,00 € - 65.000,00 € / an\n']","['\nmarketing\n', '\ndata management\n', '\nsupport\n']","['\n', '\n', 'FED IT', '\n', 'Cabinet de recrutement', '\n', '\n', '\nCDI - temps plein\n']"
['\nIngénieur MCO CyberSOC F/H\n'],"
postée il y a 9 jours
",['\nPuteaux\n'],"['\nsécurité\n', '\nsecurité\n', '\nsi\n', '\nréseau\n', '\noutils\n']","['\n', '\n', 'I-Tracing', '\n', 'Cabinet de conseil', '\n', '\n', '\nCDI - temps plein\n']"
['Consultant Data h/f\n'],"
postée il y a 2 jours
","['\nParis\n', '\n60.000,00 € - 70.000,00 € / an\n']","['\nbig data\n', '\noracle\n', '\ncloud\n', '\nsap\n', '\npython\n']","['\n', '\n', 'Selescope', '\n', '\n', '\nCDI - temps plein\n']"
['DATA ENGINEER BIG DATA - H/F\n'],"
postée il y a 2 jours
",['\nPARIS\n'],"['\nbig data\n', '\npython\n', '\nsupport\n', '\nintelligence artificielle\n', '\nhadoop\n']","['\n', '\n', 'Banque de France', '\n', 'Administration Publique', '\n', '\n', '\nCDI - temps plein\n']"
['DATA QUALITY MANAGER-(H/F)\n'],"
postée il y a 14 jours
",['\nFontenay-sous-Bois\n'],"['\ndata quality\n', '\nmarketing\n']","['\n', '\n', 'Société générale', '\n', 'Client final', '\n', '\n', '\nCDI - temps plein\n']"
['\nChef de projets data - analytics H/F\n'],"
postée il y a 5 jours
","['\nGennevilliers\n', '\n60.000,00 € - 70.000,00 € / an\n']","['\nmarketing\n', '\noutils\n', '\ndigital\n', '\nux\n', '\nmobile\n']","['\n', '\n', 'Hays France', '\n', 'Cabinet de recrutement', '\n', '\n', '\nCDI - temps plein\n']"
['\nIngénieur Sécurité Cloud F/H\n'],"
postée il y a 9 jours
",['\nPuteaux\n'],"['\nsecurité\n', '\nsécurité\n', '\ncloud\n', '\nsi\n', '\niaas\n']","['\n', '\n', 'I-Tracing', '\n', 'Cabinet de conseil', '\n', '\n', '\nCDI - temps plein\n']"
['CONTRÔLEUR DATA QUALITY - H/F\n'],"
postée il y a 14 heures
",['\nPARIS\n'],"['\ndata quality\n', '\nsas\n', '\nsystème\n', '\nméthodologie\n', '\nsupport\n']","['\n', '\n', 'Banque de France', '\n', 'Administration Publique', '\n', '\n', '\nCDI - temps plein\n']"
['FULL STACK WEB DATA VIZ-(H/F)\n'],"
postée il y a 22 jours
",['\nFontenay-sous-Bois\n'],"['\nweb\n', '\njavascript\n', '\nopen source\n', '\nd3\n', '\nangularjs\n']","['\n', '\n', 'Société générale', '\n', 'Client final', '\n', '\n', '\nCDI - temps plein\n']"
['\nArchitecte Sécurité Cloud F/H\n'],"
postée il y a 9 jours
",['\nPuteaux\n'],"['\nsecurité\n', '\nsécurité\n', '\ncloud\n', '\nsi\n', '\niaas\n']","['\n', '\n', 'I-Tracing', '\n', 'Cabinet de conseil', '\n', '\n', '\nCDI - temps plein\n']"
['\nDeveloppeur Junior (H/F)\n'],"
postée il y a 24 jours
",['\nLevallois-Perret\n'],"['\nsi\n', '\nweb\n', '\ninfrastructure\n', '\ncloud\n', '\nsalesforce\n']","['\n', '\n', 'Edifixio', '\n', 'Cabinet de conseil', '\n', '\n', '\nCDI - temps plein\n']"
['\nConsultant technico - fonctionnel Salesforce H/F\n'],"
postée il y a 24 jours
",['\nLevallois-Perret\n'],"['\nsi\n', '\ncloud\n', '\nsalesforce\n', '\nweb\n', '\ninfrastructure\n']","['\n', '\n', 'Edifixio', '\n', 'Cabinet de conseil', '\n', '\n', '\nCDI - temps plein\n']"
['\nChef de projet informatique fonctionnel BI\n'],"
postée il y a 4 jours
",['\nGentilly\n'],"['\nt-sql\n', '\nrecette\n', '\nsql\n', '\ndatabase\n', '\nmaintenance\n']","['\n', '\n', 'CHRONOPOST SAS', '\n', '\n', '\nCDI - temps plein\n']"
['Apprenti(e) – Assistant(e) décisionnel Business Intelligence/Big Data H/F\n'],"
postée il y a 6 jours
",['\nTremblay-en-France\n'],"['\nbig data\n', '\ndecisionnel\n', '\nsystème\n', '\nsupport\n', '\nbusiness intelligence\n']","['\n', '\n', 'Air France', '\n', 'Client final', '\n', '\n', ""\nContrat d'apprentissage\n""]"
['2018-788 - Stage - Data et Monétisation H/F\n'],"
postée il y a 2 jours
",['\nNeuilly-sur-Seine\n'],"['\ndigital\n', '\nsupport\n', '\nsql\n', '\noutils\n', '\nmarketing\n']","['\n', '\n', 'Groupe M6', '\n', 'Client final', '\n', '\n', '\nCDI - temps plein\n']"
['\nDéveloppeur Full Stack (H/F)\n'],"
postée il y a 24 jours
",['\nFRANCE\n'],"['\nsi\n', '\nweb\n', '\nsalesforce\n', '\ninfrastructure\n', '\nhtml5\n']","['\n', '\n', 'Edifixio', '\n', 'Cabinet de conseil', '\n', '\n', '\nCDI - temps plein\n']"
['Technicien de maintenance et support utilisateurs H/F\n'],"
postée il y a 7 jours
",['\nGUYANCOURT (78) face gare de St Quentin en Yveline\n'],"['\nmaintenance\n', '\nsupport\n', '\nsecurité\n', '\nréseaux\n', '\ncloud\n']","['\n', '\n', 'SPIE ICS', '\n', 'ESN', '\n', '\n', '\nCDI - temps plein\n']"
['IT EXPERT SOLUTIONS (MDM) H/F\n'],"
postée il y a 21 jours
",['\nMoussy-le-Vieux\n'],"['\nsi\n', '\ntalend\n', '\ndata management\n', '\nsupport\n', '\ntest\n']","['\n', '\n', 'TEREOS', '\n', 'Client final', '\n', '\n', '\nCDI - temps plein\n']"
['STAGE BI Analyste H/F - Juillet 2019\n'],"
postée il y a 1 mois
",['\nSaint-Ouen\n'],"['\noutils\n', '\nsupport\n', '\nvideo\n', '\ndecisionnel\n', '\ndata management\n']","['\n', '\n', 'Danone', '\n', 'Client final', '\n', '\n', '\nCDI - temps plein\n']"
['Senior Data Scientist - Services H/F\n'],"
postée il y a 17 jours
",['\nÎle-de-France\n'],"['\nsql\n', '\ndata lab\n', '\nmachine learning\n', '\nsupport\n', '\nbig data\n']","['\n', '\n', 'Safran-Group', '\n', 'Client final', '\n', '\n', '\nCDI - temps plein\n']"
['Model Builder / Consultant fonctionnel Anaplan\n'],"
postée il y a 11 jours
",['\nParis\n'],"['\ninternet\n', '\nsupport\n', '\nsupport applicatif\n', '\ndesign\n', '\nmoe\n']","['\n', '\n', 'Criteo', '\n', 'Client final', '\n', '\n', '\nCDI - temps plein\n']"
['\nIngénieur Réseau/Sécurité H/F\n'],"
postée hier
","['\nParis\n', '\n45.000,00 € - 60.000,00 € / an\n']","['\nsécurité\n', '\nsecurité\n', '\nréseaux\n', '\nlan\n', '\nsupport\n']","['\n', '\n', 'Uniware Global Services', '\n', 'ESN', '\n', '\n', '\nCDI - temps plein\n']"
['Manager Leader – Business Analyst Titres (H/F)\n'],"
postée il y a 22 jours
",['\nIle-de-France\n'],"['\nagile\n', '\nscrum\n', '\nmoa\n', '\nprogiciel\n', '\nsystème\n']","['\n', '\n', 'Natixis', '\n', 'Client final', '\n', '\n', '\nCDI - temps plein\n']"
['\nIngénieur Docker/Kubernetes/Jenkins/Ansible H/F\n'],"
postée hier
","['\nNeuilly sur seine\n', '\n42.000,00 € - 60.000,00 € / an\n']","['\ndevops\n', '\njenkins\n', '\noutils\n', '\nlinux\n', '\ninfrastructure\n']","['\n', '\n', 'Uniware Global Services', '\n', 'ESN', '\n', '\n', '\nCDI - temps plein\n']"
['\nIngénieur Virtualisation H/F\n'],"
postée hier
","['\nNeuilly sur seine\n', '\n40.000,00 € - 55.000,00 € / an\n']","['\nsupport\n', '\nvmware\n', '\npython\n', '\njavascript\n', '\nsecurité\n']","['\n', '\n', 'Uniware Global Services', '\n', 'ESN', '\n', '\n', '\nCDI - temps plein\n']"
['Ingénieur Etudes et Développement Qlik H/F\n'],"
postée il y a 5 jours
",['\nIle-de-France\n'],"['\nqlik\n', '\nagile\n', '\nqlikview\n', '\nsql\n', '\nsupport\n']","['\n', '\n', 'Direct energie', '\n', 'Client final', '\n', '\n', '\nCDI - temps plein\n']"
['Post-Doctorant IA/Big Data H/F\n'],"
postée il y a 27 jours
",['\nParis\n'],"['\ndigital\n', '\nbig data\n', '\nmachine learning\n', '\nintelligence artificielle\n', '\nbases de données\n']","['\n', '\n', 'Business & Decision', '\n', 'Client final', '\n', '\n', '\nCDI - temps plein\n']"
['Responsable Développement Supply Chain (f/h) - CDI\n'],"
postée il y a 7 jours
","['\nLISSES\n', '\n57.000,00 € - 62.000,00 € / an\n']","['\nsupport\n', '\ncommunication\n', '\nbig data\n', '\ncloud\n', '\nhadoop\n']","['\n', '\n', 'FED IT', '\n', 'Cabinet de recrutement', '\n', '\n', '\nCDI - temps plein\n']"
['\nIngénieur Système VMWare H/F\n'],"
postée hier
","['\nNeuilly sur Seine\n', '\n40.000,00 € - 55.000,00 € / an\n']","['\nvmware\n', '\nsupport\n', '\nwindows\n', '\nmicrosoft\n', '\nsystème\n']","['\n', '\n', 'Uniware Global Services', '\n', 'ESN', '\n', '\n', '\nCDI - temps plein\n']"
['\nConsultant BI junior - Direction Technique F/H\n'],"
postée il y a 1 mois
",['\nSaint-Germain-en-Laye\n'],"['\nbusiness intelligence\n', '\nbig data\n', '\njava\n', '\noutils\n', '\nsql\n']","['\n', '\n', 'TRIMANE', '\n', 'ESN', '\n', '\n', '\nCDI - temps plein\n']"
['\nIngénieur Cloud Opensource H/F\n'],"
postée hier
","['\nParis\n', '\n40.000,00 € - 60.000,00 € / an\n']","['\ncloud\n', '\nsaas\n', '\npaas\n', '\niaas\n', '\ninfrastructure\n']","['\n', '\n', 'Uniware Global Services', '\n', 'ESN', '\n', '\n', '\nCDI - temps plein\n']"
['Application Engineer\n'],"
postée il y a 16 jours
",['\nLe Plessis-Robinson\n'],"['\nlattice\n', '\npython\n', '\naix\n', '\ndesign\n']","['\n', '\n', 'CS Communication & Systèmes', '\n', 'ESN', '\n', '\n', '\nCDI - temps plein\n']"
"[""Stage - Chargé d'intégration de nouvelles sources de données dans le datalake et transformation en PySpark-(H/F)\n""]","
postée il y a 20 jours
",['\nFontenay-sous-Bois\n'],"['\noutils\n', '\nsi\n', '\nlangage\n', '\nbig data\n', '\npython\n']","['\n', '\n', 'Société générale', '\n', 'Client final', '\n', '\n', '\nCDI - temps plein\n']"
['AGILE BUSINESS ANALYST-(H/F)\n'],"
postée il y a 13 jours
",['\nFontenay-sous-Bois\n'],"['\nagile\n', '\ndata quality\n', '\nbig data\n', '\ndata management\n', '\nméthodologie\n']","['\n', '\n', 'Société générale', '\n', 'Client final', '\n', '\n', '\nCDI - temps plein\n']"
['\nIngénieur de Production $U H/F\n'],"
postée hier
","['\nParis\n', '\n40.000,00 € - 60.000,00 € / an\n']","['\nwindows\n', '\nunix\n', '\ncft\n', '\nréseaux\n', '\noutils\n']","['\n', '\n', 'Uniware Global Services', '\n', 'ESN', '\n', '\n', '\nCDI - temps plein\n']"
['\nIngénieur Réseau Cisco H/F\n'],"
postée hier
","['\nParis\n', '\n40.000,00 € - 60.000,00 € / an\n']","['\nréseau\n', '\ncisco\n', '\nréseaux\n', '\nsécurité\n', '\nsecurité\n']","['\n', '\n', 'Uniware Global Services', '\n', 'ESN', '\n', '\n', '\nCDI - temps plein\n']"
['Conultant/Analyste Décisionnel ETL (Qlikview & Talend)- H/F\n'],"
postée il y a 3 heures
",['\nFrance - Antony (92) - Ile de France\n'],"['\nsap\n', '\nqlikview\n', '\netl\n', '\ntalend\n', '\nqlik\n']","['\n', '\nN/A\n', '\n', '\nCDI - temps plein\n']"
['Chef de projet Data MOA – Banque des Territoires\n'],"
postée il y a 1 mois
",['\nParis\n'],"['\nsi\n', '\nmoa\n', '\nmoe\n', '\nagile\n', '\noutils\n']","['\n', '\n', 'Caisse des Depots', '\n', 'Client final', '\n', '\n', '\nCDI - temps plein\n']"
['Apprenti Data Visualisation (H/F)\n'],"
postée il y a 3 jours
",['\nVélizy-Villacoublay\n'],"['\nsecurité\n', '\nsécurité\n', '\nréseaux\n', '\ncommunication\n', '\noutils\n']","['\n', '\n', 'Thales Services S.A.S.', '\n', '\n', ""\nContrat d'apprentissage\n""]"
['Data Scientist\n'],"
postée il y a 28 jours
",['\nParis\n'],"['\nmachine learning\n', '\nless\n', '\nbig data\n', '\nhadoop\n', '\nexchange\n']","['\n', '\n', 'Criteo', '\n', 'Client final', '\n', '\n', '\nCDI - temps plein\n']"
['Alternance - Data Project Manager-(H/F)\n'],"
postée il y a 16 jours
",['\nFontenay-sous-Bois\n'],"['\nsi\n', '\ndata management\n', '\nméthodologie\n', '\noutils\n', '\nmachine learning\n']","['\n', '\n', 'Société générale', '\n', 'Client final', '\n', '\n', '\nCDI - temps plein\n']"
['Data scientist senior H/F\n'],"
postée il y a 2 jours
",['\nPoissy\n'],"['\nmarketing\n', '\npython\n', '\njava\n', '\nintelligence artificielle\n', '\nsystème\n']","['\n', '\n', 'Groupe PSA', '\n', 'Client final', '\n', '\n', '\nCDI - temps plein\n']"
['Architecte technique Big Data H/F\n'],"
postée il y a 17 jours
",['\nÎle-de-France\n'],"['\nbig data\n', '\noutils\n', '\nsystème\n', '\nhadoop\n', '\nscala\n']","['\n', '\n', 'Safran-Group', '\n', 'Client final', '\n', '\n', '\nCDI - temps plein\n']"
['Senior Data Scientist - Manufacturing H/F\n'],"
postée il y a 17 jours
",['\nÎle-de-France\n'],"['\nsql\n', '\ndata lab\n', '\nmachine learning\n', '\nbig data\n', '\nscala\n']","['\n', '\n', 'Safran-Group', '\n', 'Client final', '\n', '\n', '\nCDI - temps plein\n']"
['\nConsultant QlikSense F/H\n'],"
postée il y a 1 mois
",['\nÎle-de-France\n'],"['\nbig data\n', '\nqlik\n', '\noutils\n', '\nbusiness intelligence\n']","['\n', '\n', 'TRIMANE', '\n', 'ESN', '\n', '\n', '\nCDI - temps plein\n']"
['DCEO Cluster Manager\n'],"
postée il y a 1 mois
",['\nParis\n'],"['\nmaintenance\n', '\ncommunication\n', '\ninfrastructure\n', '\ndesign\n']","['\n', '\n', 'Amazon', '\n', 'Client final', '\n', '\n', '\nCDI - temps plein\n']"
['\nDéveloppeur VBA / Excel (H/F) – Paris (75)\n'],"
postée il y a 27 jours
","['\nParis 9ème (75)\n', '\n30000 - 50000 €/an selon profil\n']","['\nvba\n', '\nweb\n', '\nlangage\n', '\nt-sql\n', '\nsql\n']","['\n', '\n', 'Synchrone', '\n', 'Cabinet de recrutement', '\n', '\n', '\nCDI - temps plein\n']"
['\nStage - Business Analyst IT - H/F\n'],"
postée il y a 1 mois
",['\nCourbevoie\n'],"['\njava\n', '\ninfrastructure\n', '\nangularjs\n', '\ndevops\n', '\nbig data\n']","['\n', '\nN/A\n', '\n', '\nStage\n']"
['Business Analyst (H/F)\n'],"
postée il y a 22 jours
",['\nÎle-de-France\n'],"['\ntest\n', '\nrecette\n', '\nvalidation\n', '\nmobile\n', '\nmoa\n']","['\n', '\n', 'Infotel', '\n', 'Editeur de logiciel', '\n', '\n', '\nCDI - temps plein\n']"
['\nConsultant Confirmé Talend F/H\n'],"
postée il y a 1 mois
",['\nÎle-de-France\n'],"['\ntalend\n', '\nmoa\n', '\nrecette\n', '\noptimisation\n', '\noutils\n']","['\n', '\n', 'TRIMANE', '\n', 'ESN', '\n', '\n', '\nCDI - temps plein\n']"
['\nIngénieur études et développement PHP (H/F)\n'],"
postée il y a 22 jours
",['\nParis\n'],"['\nphp\n', '\nphp5\n', '\njavascript\n', '\nangularjs\n', '\nsymfony\n']","['\n', '\n', 'Infotel', '\n', 'Editeur de logiciel', '\n', '\n', '\nCDI - temps plein\n']"
['\nIngénieurs MiddleWare H/F\n'],"
postée il y a 3 jours
","['\nParis\n', '\n45.000,00 € - 60.000,00 € / an\n']","['\nmiddleware\n', '\nsupport\n', '\ninfrastructure\n', '\noptimisation\n', '\npython\n']","['\n', '\n', 'Uniware Global Services', '\n', 'ESN', '\n', '\n', '\nCDI - temps plein\n']"
['\nArchitecte Infrastructure IT H/F\n'],"
postée il y a 3 jours
","['\nParis\n', '\n40.000,00 € - 60.000,00 € / an\n']","['\ninfrastructure\n', '\nsupport\n', '\nsi\n', '\nsystème\n']","['\n', '\n', 'Uniware Global Services', '\n', 'ESN', '\n', '\n', '\nCDI - temps plein\n']"
['\nIngénieur Cloud AWS H/F\n'],"
postée il y a 3 jours
","['\nParis\n', '\n38.000,00 € - 56.000,00 € / an\n']","['\ncloud\n', '\nsupport\n', '\npython\n', '\npaas\n', '\nsecurité\n']","['\n', '\n', 'Uniware Global Services', '\n', 'ESN', '\n', '\n', '\nCDI - temps plein\n']"
['Product Owner - vision 360 Tiers en environnement Big Data-(H/F)\n'],"
postée il y a 10 jours
",['\nLa Defense\n'],"['\nbig data\n', '\nmarketing\n', '\nméthodologie\n', '\ncommunication\n']","['\n', '\n', 'Société générale', '\n', 'Client final', '\n', '\n', '\nCDI - temps plein\n']"
"[""Stage - Assistant Maitrise d'ouvrage bancaire qualité des données-(H/F)\n""]","
postée il y a 22 jours
",['\nLa Defense\n'],"['\nsi\n', '\ndecisionnel\n', '\ndata quality\n']","['\n', '\n', 'Société générale', '\n', 'Client final', '\n', '\n', '\nCDI - temps plein\n']"
['Data/Software Engineer H/F\n'],"
postée il y a 17 jours
",['\nÎle-de-France\n'],"['\nbases de données\n', '\noutils\n', '\nlinux\n', '\nbig data\n', '\npython\n']","['\n', '\n', 'Safran-Group', '\n', 'Client final', '\n', '\n', '\nCDI - temps plein\n']"
['\nConsultant Sénior Cognos F/H\n'],"
postée il y a 1 mois
",['\nÎle-de-France\n'],"['\ncognos\n', '\nframework\n', '\netl\n', '\nbig data\n', '\noutils\n']","['\n', '\n', 'TRIMANE', '\n', 'ESN', '\n', '\n', '\nCDI - temps plein\n']"
['Expert technique H/F\n'],"
postée il y a 14 jours
",['\nPARAY VIEILLE POSTE\n'],"['\nsécurité\n', '\nsecurité\n', '\noutils\n', '\nwindows\n', '\ncommunication\n']","['\n', '\n', 'ERGALIS', '\n', 'Cabinet de recrutement', '\n', '\n', '\nCDD/Intérim - temps plein\n']"
['Stage - Analyses de données sur la durée de vie des freins carbone H/F\n'],"
postée il y a 17 jours
",['\nÎle-de-France\n'],"['\nsupport\n', '\ndata management\n', '\nbig data\n', '\nbases de données\n']","['\n', '\n', 'Safran-Group', '\n', 'Client final', '\n', '\n', '\nStage\n']"
['Data manager H/F\n'],"
postée il y a 25 jours
",['\nPantin\n'],"['\noutils\n', '\ndigital\n', '\nplm\n', '\nsupport\n', '\nmoa\n']","['\n', '\n', 'Hermès', '\n', 'Client final', '\n', '\n', '\nCDI - temps plein\n']"
"[""Stage Ingénieur développement d'algorithmes d'analyse de données de vol H/F\n""]","
postée il y a 17 jours
",['\nÎle-de-France\n'],"['\nelectronique\n', '\noutils\n', '\nvalidation\n', '\ndata management\n']","['\n', '\n', 'Safran-Group', '\n', 'Client final', '\n', '\n', '\nStage\n']"
['2019-MOA-Data-30912 - Chef de projets MOA Data H/F\n'],"
postée il y a 27 jours
",['\nParis\n'],"['\nmoa\n', '\nsi\n', '\ncrm\n', '\nsupport\n', '\nagile\n']","['\n', '\n', 'Groupama', '\n', 'Client final', '\n', '\n', '\nCDI - temps plein\n']"
['Développeur Big Data / Python (H/F)\n'],"
postée il y a 24 jours
",['\nÎle-de-France\n'],"['\npython\n', '\nmaintenance\n', '\nsupport\n', '\nsécurité\n', '\nbig data\n']","['\n', '\n', 'ENGIE', '\n', 'Editeur de logiciel', '\n', '\n', '\nCDI - temps plein\n']"
['Alternance - Assistant marketing private market-(H/F)\n'],"
postée il y a 7 jours
",['\nColombes\n'],"['\nmarketing\n', '\nsi\n', '\nsupport\n', '\ndata management\n', '\nréseau\n']","['\n', '\n', 'Société générale', '\n', 'Client final', '\n', '\n', '\nCDI - temps plein\n']"
['\nArchitecte Poste de Travail H/F\n'],"
postée hier
","['\nParis\n', '\n50.000,00 € - 70.000,00 € / an\n']","['\nposte de travail\n', '\nmicrosoft\n', '\nsupport\n', '\ncloud\n', '\ninfrastructure\n']","['\n', '\n', 'Uniware Global Services', '\n', 'ESN', '\n', '\n', '\nCDI - temps plein\n']"
['\nIngénieur de production Cloud H/F\n'],"
postée il y a 3 jours
","['\nParis\n', '\n50.000,00 € - 60.000,00 € / an\n']","['\ncloud\n', '\nsecurité\n', '\ndevops\n', '\nsécurité\n', '\nsi\n']","['\n', '\n', 'Uniware Global Services', '\n', 'ESN', '\n', '\n', '\nCDI - temps plein\n']"
['\nIngénieur Réseaux et Sécurité H/F\n'],"
postée il y a 3 jours
","['\nParis\n', '\n38.000,00 € - 55.000,00 € / an\n']","['\nréseaux\n', '\nsécurité\n', '\nsecurité\n', '\ninfrastructure\n', '\nwan\n']","['\n', '\n', 'Uniware Global Services', '\n', 'ESN', '\n', '\n', '\nCDI - temps plein\n']"
['Ingénieur QA H/F\n'],"
postée il y a 1 mois
",['\nParis\n'],"['\ndigital\n', '\ndevops\n', '\nweb\n', '\nandroid\n', '\nopen source\n']","['\n', '\n', 'KISIO', '\n', 'Client final', '\n', '\n', '\nCDI - temps plein\n']"
"[""Stage Ingénieur développement d'algorithmes d'analyse de données de vol H/F\n""]","
postée il y a 14 jours
",['\nÎle-de-France\n'],"['\nelectronique\n', '\noutils\n', '\nvalidation\n', '\ndata management\n']","['\n', '\n', 'Safran-Group', '\n', 'Client final', '\n', '\n', '\nStage\n']"
['\nIngénieurs de Production Unix/Linux/Windows H/F\n'],"
postée il y a 3 jours
","['\nParis\n', '\n38.000,00 € - 55.000,00 € / an\n']","['\nlinux\n', '\nunix\n', '\nwindows\n', '\nhp\n', '\ninfrastructure\n']","['\n', '\n', 'Uniware Global Services', '\n', 'ESN', '\n', '\n', '\nCDI - temps plein\n']"
['Networking Cloud Support Engineer AWS\n'],"
postée il y a 27 jours
",['\nCourbevoie\n'],"['\nsupport\n', '\ncloud\n', '\nnetwork\n', '\nlinux\n', '\nwindows\n']","['\n', '\n', 'Amazon', '\n', 'Client final', '\n', '\n', '\nCDI - temps plein\n']"
['\nIngénieur Systèmes Linux / DevOps H/F\n'],"
postée il y a 3 jours
",['\nParis\n'],"['\nlinux\n', '\ndevops\n', '\ninfrastructure\n', '\nmongodb\n', '\napache\n']","['\n', '\n', 'Uniware Global Services', '\n', 'ESN', '\n', '\n', '\nCDI - temps plein\n']"
['\nIngénieur DevOps H/F\n'],"
postée il y a 20 jours
","['\nParis\n', '\n40.000,00 € - 60.000,00 € / an\n']","['\ndevops\n', '\noutils\n', '\nlinux\n', '\ninfrastructure\n', '\njenkins\n']","['\n', '\n', 'Uniware Global Services', '\n', 'ESN', '\n', '\n', '\nCDI - temps plein\n']"
['Alternance - Bigdata DataScience - H/F\n'],"
postée il y a 1 mois
",['\nPalaiseau\n'],"['\nréseau\n', '\nsi\n', '\ninfrastructure\n', '\nréseaux\n', '\nbig data\n']","['\n', '\n', 'EDF France', '\n', 'Client final', '\n', '\n', '\nContrat de professionnalisation\n']"
['\nIngénieur de production Cloud H/F\n'],"
postée hier
","['\nNeuilly-sur-Seine\n', '\n45.000,00 € - 60.000,00 € / an\n']","['\ncloud\n', '\ndevops\n', '\nsécurité\n', '\nsecurité\n', '\nsql server\n']","['\n', '\n', 'Uniware Global Services', '\n', 'ESN', '\n', '\n', '\nCDI - temps plein\n']"
['Ingénieur/développeur en IA\n'],"
postée il y a 21 jours
",['\nParis\n'],"['\nintelligence artificielle\n', '\noutils\n', '\nréseaux\n', '\nmachine learning\n', '\nbig data\n']","['\n', '\n', 'Iliad-Free', '\n', 'Client final', '\n', '\n', '\nCDI - temps plein\n']"
['Consultant(e) Web Analyst H/F\n'],"
postée il y a 27 jours
",['\nParis\n'],"['\ndigital\n', '\nweb\n', '\noutils\n', '\njavascript\n', '\nrecette\n']","['\n', '\n', 'Business & Decision', '\n', 'Client final', '\n', '\n', '\nCDI - temps plein\n']"
['Chef de projet CRM H/F\n'],"
postée il y a 20 jours
",['\nSeine-Saint-Denis\n'],"['\ncrm\n', '\nweb\n', '\nmarketing\n', '\ndesign\n', '\npack office\n']","['\n', '\n', 'PRINTEMPS', '\n', 'Client final', '\n', '\n', '\nCDI - temps plein\n']"
['\nDéveloppeur Java / J2ee (H/F) – Paris (75)\n'],"
postée il y a 21 jours
","['\nParis 09 (75)\n', '\n45.000,00 € - 65.000,00 € / an\n']","['\njava\n', '\nj2ee\n', '\nweb\n', '\njboss\n', '\nsécurité\n']","['\n', '\n', 'Synchrone', '\n', 'Cabinet de recrutement', '\n', '\n', '\nCDI - temps plein\n']"
['Stage - Ingénierie Linguistique : détection de similarité sémantique - H/F\n'],"
postée il y a 17 jours
",['\nPalaiseau\n'],"['\noutils\n', '\npython\n', '\nlangage\n', '\nsi\n', '\ngit\n']","['\n', '\n', 'EDF France', '\n', 'Client final', '\n', '\n', '\nStage\n']"
"[""Développeur cloud interne d'Orange France\n""]","
postée il y a 9 jours
",['\nChatillon\n'],"['\ncloud\n', '\nsi\n', '\niaas\n', '\nwindows\n', '\nsaas\n']","['\n', '\n', 'Orange', '\n', '\n', '\nCDI - temps plein\n']"
['\nIngénieur Cloud Azure H/F\n'],"
postée hier
","['\nNeuilly sur Seine\n', '\n40.000,00 € - 60.000,00 € / an\n']","['\ncloud\n', '\nweb\n', '\ndevops\n', '\npython\n', '\ninfrastructure\n']","['\n', '\n', 'Uniware Global Services', '\n', 'ESN', '\n', '\n', '\nCDI - temps plein\n']"
['CDI Chef de projet BI H/F\n'],"
postée il y a 1 mois
",['\nParis\n'],"['\noutils\n', '\ndecisionnel\n', '\nsupport\n', '\nbusiness objects\n', '\nbusiness intelligence\n']","['\n', '\n', 'TF1', '\n', 'Client final', '\n', '\n', '\nCDI - temps plein\n']"
['\nDéveloppeur Angular (H/F) – Paris (75)\n'],"
postée il y a 21 jours
","['\nParis 09 (75)\n', '\n30.000,00 € - 50.000,00 € / an\n']","['\nangularjs\n', '\nagile\n', '\nweb\n', '\nframework\n', '\noutils\n']","['\n', '\n', 'Synchrone', '\n', 'Cabinet de recrutement', '\n', '\n', '\nCDI - temps plein\n']"
['Assistant chef de projet Social Media (paris sportifs) H/F\n'],"
postée il y a 2 heures
",['\nBoulogne-Billancourt\n'],"['\nréseaux sociaux\n', '\nréseaux\n', '\noutils\n', '\nacquisition\n', '\njquery\n']","['\n', '\n', 'Francaise des jeux', '\n', 'Client final', '\n', '\n', '\nStage\n']"
['Alternance - Ingénieur Etude et Développement-(H/F)\n'],"
postée il y a 16 jours
",['\nFontenay-sous-Bois\n'],"['\nsi\n', '\njava\n', '\nsupport\n', '\nangularjs\n', '\noutils\n']","['\n', '\n', 'Société générale', '\n', 'Client final', '\n', '\n', '\nCDI - temps plein\n']"
['Développeur iOS H/F\n'],"
postée il y a 1 mois
",['\nParis\n'],"['\ndigital\n', '\nios\n', '\nandroid\n', '\nswift\n', '\nweb\n']","['\n', '\n', 'KISIO', '\n', 'Client final', '\n', '\n', '\nCDI - temps plein\n']"
['Développeur Backend C++/Python H/F\n'],"
postée il y a 1 mois
",['\nParis 20 rue Hector Malot (75-HEC)\n'],"['\ndigital\n', '\nc++\n', '\ndevops\n', '\npython\n', '\nweb\n']","['\n', '\n', 'KISIO', '\n', 'Client final', '\n', '\n', '\nCDI - temps plein\n']"
['\nExpert Middleware H/F\n'],"
postée hier
","['\nParis\n', '\n40.000,00 € - 60.000,00 € / an\n']","['\nmiddleware\n', '\nweblogic\n', '\nunix\n', '\nsupport\n', '\ntomcat\n']","['\n', '\n', 'Uniware Global Services', '\n', 'ESN', '\n', '\n', '\nCDI - temps plein\n']"
['Expert Protection des Données Personnelles et Digitales H/F\n'],"
postée il y a 24 jours
",['\nIle-de-France\n'],"['\nsi\n', '\nsécurité\n', '\ndata management\n', '\nsecurité\n', '\nréseau\n']","['\n', '\n', 'GRTGAZ', '\n', 'Client final', '\n', '\n', '\nCDI - temps plein\n']"
['Consultant(e) confirmé SAS / BI H/F\n'],"
postée il y a 27 jours
",['\nParis\n'],"['\nsas\n', '\ndigital\n', '\ndataiku\n']","['\n', '\n', 'Business & Decision', '\n', 'Client final', '\n', '\n', '\nCDI - temps plein\n']"
['Stage - Data Engineer H/F\n'],"
postée il y a 17 jours
",['\nÎle-de-France\n'],"['\nsupport\n', '\npython\n', '\nsql\n', '\nhadoop\n', '\nbig data\n']","['\n', '\n', 'Safran-Group', '\n', 'Client final', '\n', '\n', '\nStage\n']"
"[""Stage : Modélisation de bus numériques dans l'outil PLM 3DExperience\n""]","
postée il y a 7 jours
",['\nIle de France\n'],"['\nplm\n', '\noutils\n', '\nsystème\n', '\ncloud\n', '\ncommunication\n']","['\n', '\n', 'Dassault Aviation', '\n', 'Client final', '\n', '\n', '\nStage\n']"
['Architecte Technique Senior - SQUADEASY\n'],"
postée il y a 1 mois
",['\nParis\n'],"['\noutils\n', '\nswift\n', '\nandroid\n', '\nsi\n', '\nunix\n']","['\n', '\n', 'Paris&Co', '\n', 'Client final', '\n', '\n', '\nCDI - temps plein\n']"
['IS Analyst Customer Service (Danone IS/IT for Sales applications)\n'],"
postée il y a 25 jours
",['\nSaint-Ouen\n'],"['\nsupport\n', '\nsap\n', '\ncloud\n', '\nagile\n', '\nmiddleware\n']","['\n', '\n', 'Danone', '\n', 'Client final', '\n', '\n', '\nCDI - temps plein\n']"
['Stage Marketing/Statistique sur le pricing de nos produits- H/F\n'],"
postée il y a 28 jours
",['\nParis\n'],"['\nmarketing\n', '\niaas\n', '\npaas\n', '\nsaas\n']","['\n', '\n', 'Cegid', '\n', 'Client final', '\n', '\n', '\nStage\n']"
['TECHNICAL LEADER SENIOR HADOOP / BIG DATA-(H/F)\n'],"
postée il y a 10 jours
",['\nFontenay-sous-Bois\n'],"['\nhadoop\n', '\nagile\n', '\nmaintenance\n', '\nscala\n', '\nsystème\n']","['\n', '\n', 'Société générale', '\n', 'Client final', '\n', '\n', '\nCDI - temps plein\n']"
['Consultant Avant-Vente Sauvegarde F/H\n'],"
postée il y a 13 jours
",['\nÎle-de-France\n'],"['\ncloud\n', '\nunix\n', '\naix\n', '\nux\n', '\nsupport\n']","['\n', '\n', 'Vinci', '\n', 'Client final', '\n', '\n', '\nCDI - temps plein\n']"
['CHEF DE PROJETS IT DIGITAUX F/H\n'],"
postée il y a 2 heures
",['\nParis\n'],"['\nmarketing\n', '\noptimisation\n', '\nc\n', '\nexchange\n', '\ndigital\n']","['\n', '\n', 'Cdiscount', '\n', 'Client final', '\n', '\n', '\nCDI - temps plein\n']"
['\nIngénieur Système Unix/Linux H/F\n'],"
postée il y a 3 jours
","['\nParis\n', '\n38.000,00 € - 55.000,00 € / an\n']","['\nlinux\n', '\nunix\n', '\nsystème\n', '\ninfrastructure\n', '\nsupport\n']","['\n', '\n', 'Uniware Global Services', '\n', 'ESN', '\n', '\n', '\nCDI - temps plein\n']"
['Ingénieur développement logiciel embarqué H/F\n'],"
postée il y a 17 jours
",['\nÎle-de-France\n'],"['\ntest\n', '\nlinux\n', '\nwindows\n', '\nsécurité\n', '\nsecurité\n']","['\n', '\n', 'Safran-Group', '\n', 'Client final', '\n', '\n', '\nCDI - temps plein\n']"
['Ingénieur Support Applicatif F/H\n'],"
postée il y a 1 mois
",['\nParis 20 rue Hector Malot (75-HEC)\n'],"['\ndigital\n', '\nsupport\n', '\ndevops\n', '\nweb\n', '\nandroid\n']","['\n', '\n', 'KISIO', '\n', 'Client final', '\n', '\n', '\nCDI - temps plein\n']"
['Correspondant(e) à la Protection des Données personnelles-(H/F)\n'],"
postée il y a 22 jours
",['\nLa Defense\n'],"['\ncommunication\n', '\noutils\n', '\ndigital\n']","['\n', '\n', 'Société générale', '\n', 'Client final', '\n', '\n', '\nCDI - temps plein\n']"
['Apprenti(e) – Business Analyst AMOA (Information Management Office - IMO) H/F\n'],"
postée il y a 6 jours
",['\nParis\n'],"['\nmarketing\n', '\ndigital\n', '\nagile\n', '\noutils\n', '\ndatabase\n']","['\n', '\n', 'Air France', '\n', 'Client final', '\n', '\n', ""\nContrat d'apprentissage\n""]"
['Ingénieur Traitements de données H/F\n'],"
postée il y a 17 jours
",['\nÎle-de-France\n'],"['\noutils\n', '\nqt\n', '\nc++\n', '\nlinux\n', '\nwindows\n']","['\n', '\n', 'Safran-Group', '\n', 'Client final', '\n', '\n', '\nCDI - temps plein\n']"
"['\nResponsable Technique Web - Poste en interne (client final réputé) - Projet de transformation –Grand Groupe, Paris, CDI 65-70 k€\n']","
postée il y a 1 mois
","['\nParis\n', '\n65.000,00 € - 70.000,00 € / an\n']","['\nweb\n', '\nspring\n', '\nsi\n', '\nsécurité\n', '\ndigital\n']","['\n', '\n', 'MR SEARCH', '\n', 'Cabinet de recrutement', '\n', '\n', '\nCDI - temps plein\n']"
['Ingénieur Logiciel - JAVA H/F\n'],"
postée il y a 14 jours
",['\nBagneux\n'],"['\njava\n', '\nsupport\n', '\noutils\n', '\nc++\n', '\nsystème\n']","['\n', '\n', 'Naval Group', '\n', 'Client final', '\n', '\n', '\nCDI - temps plein\n']"
['Alternance - Datascientist junior - H/F\n'],"
postée il y a 28 jours
",['\nNanterre\n'],"['\nréseau\n', '\nmachine learning\n', '\noutils\n', '\nsas\n', '\nbig data\n']","['\n', '\n', 'EDF France', '\n', 'Client final', '\n', '\n', '\nContrat de professionnalisation\n']"
['\nIngénieur Etudes et Développement BI (stagiaire) F/H\n'],"
postée il y a 21 jours
",['\nSaint-Germain-en-Laye\n'],"['\njava\n', '\noutils\n', '\ndecisionnel\n', '\nt-sql\n', '\nsql\n']","['\n', '\n', 'TRIMANE', '\n', 'ESN', '\n', '\n', '\nStage\n']"
['Analyste fonctionnel SAP SD F/H\n'],"
postée il y a 13 jours
",['\nÎle-de-France\n'],"['\nsap\n', '\ncommunication\n', '\noutils\n', '\nbusiness intelligence\n', '\nsystème\n']","['\n', '\n', 'Vinci', '\n', 'Client final', '\n', '\n', '\nCDI - temps plein\n']"
['Assistant(e) comptable-(H/F)\n'],"
postée il y a 6 jours
",['\nFontenay-sous-Bois\n'],[],"['\n', '\n', 'Société générale', '\n', 'Client final', '\n', '\n', '\nCDI - temps plein\n']"
['Spécialiste Modélisation Dynamique de la performance Atelier Montage H/F\n'],"
postée il y a 10 jours
",['\nVélizy-Villacoublay\n'],"['\noutils\n', '\nsystème\n']","['\n', '\n', 'Groupe PSA', '\n', 'Client final', '\n', '\n', '\nCDI - temps plein\n']"
['Référent(e) Conformité Regulatory Expertise Oversight / Responsable Data Protection et Digital-(H/F)\n'],"
postée il y a 17 jours
",['\nLa Defense\n'],"['\ndigital\n', '\ncommunication\n', '\nsupport\n', '\nréseau\n']","['\n', '\n', 'Société générale', '\n', 'Client final', '\n', '\n', '\nCDI - temps plein\n']"
"[""Ingénieur d'affaires IT Grands Comptes Paris H/F\n""]","
postée il y a 28 jours
",['\nParis\n'],"['\niaas\n', '\npaas\n', '\nsaas\n', '\nsystème\n', '\nprogiciel\n']","['\n', '\n', 'Cegid', '\n', 'Client final', '\n', '\n', '\nCDI - temps plein\n']"
"[""Stage Tableau de bord 'data centric' pour le pilotage activités de vérification H/F\n""]","
postée il y a 17 jours
",['\nÎle-de-France\n'],"['\ntest\n', '\nsupport\n']","['\n', '\n', 'Safran-Group', '\n', 'Client final', '\n', '\n', '\nStage\n']"
['Ingénieur Cyber-sécurité produit H/F\n'],"
postée il y a 8 jours
",['\nÎle-de-France\n'],"['\nsécurité\n', '\nsecurité\n', '\nc++\n', '\nréseaux\n', '\nvalidation\n']","['\n', '\n', 'Safran-Group', '\n', 'Client final', '\n', '\n', '\nCDI - temps plein\n']"
['ALTERNANT - Concepteur logiciel H/F\n'],"
postée il y a 14 jours
",['\nBagneux\n'],"['\njava\n', '\nsystème\n', '\nserveur\n', '\noutils\n', '\numl\n']","['\n', '\n', 'Naval Group', '\n', 'Client final', '\n', '\n', '\nCDI - temps plein\n']"
['Chef de projet recette H/F\n'],"
postée il y a 20 jours
",['\nIle-de-France\n'],"['\nrecette\n', '\noutils\n', '\ne-commerce\n', '\nsupport\n']","['\n', '\n', 'PRINTEMPS', '\n', 'Client final', '\n', '\n', '\nCDI - temps plein\n']"
['Chef de Projets Recette H/F\n'],"
postée il y a 20 jours
",['\nParis\n'],"['\nrecette\n', '\ne-commerce\n', '\noutils\n', '\nmarketing\n', '\nsupport\n']","['\n', '\n', 'PRINTEMPS', '\n', 'Client final', '\n', '\n', '\nCDI - temps plein\n']"
['ALTERNANCE - Concepteur logiciel H/F\n'],"
postée il y a 14 jours
",['\nBagneux\n'],"['\njava\n', '\nsystème\n']","['\n', '\n', 'Naval Group', '\n', 'Client final', '\n', '\n', '\nCDI - temps plein\n']"
['Equity Pricing Library Project Manager (H/F)\n'],"
postée il y a 3 heures
",['\nIle-de-France\n'],"['\nsupport\n', '\noutils\n', '\nprogiciel\n', '\nsi\n', '\nsécurité\n']","['\n', '\n', 'Natixis', '\n', 'Client final', '\n', '\n', '\nCDI - temps plein\n']"
['Ingénieur Avant-Vente F/H\n'],"
postée il y a 13 jours
",['\nNanterre\n'],"['\ncommunication\n', '\nagile\n', '\nsi\n', '\nréseau\n', '\nsecurité\n']","['\n', '\n', 'Vinci', '\n', 'Client final', '\n', '\n', '\nCDI - temps plein\n']"
['Technicien Informatique – Centre de Support F/H\n'],"
postée il y a 13 jours
",['\nSaint-Denis\n'],"['\nsupport\n', '\nsap\n', '\nwindows\n', '\ncommunication\n', '\nitil\n']","['\n', '\n', 'Vinci', '\n', 'Client final', '\n', '\n', '\nCDI - temps plein\n']"
['Alternance - Assistant Knowledge User Experience-(H/F)\n'],"
postée il y a 10 jours
",['\nLa Defense\n'],"['\noutils\n', '\ndesign\n', '\nsi\n', '\nmarketing\n', '\nillustrator\n']","['\n', '\n', 'Société générale', '\n', 'Client final', '\n', '\n', '\nCDI - temps plein\n']"
['Concepteur logiciel H/F\n'],"
postée il y a 14 jours
",['\nBagneux\n'],"['\nc++\n', '\nc\n', '\njava\n', '\nsystème\n', '\nsupport\n']","['\n', '\n', 'Naval Group', '\n', 'Client final', '\n', '\n', '\nCDI - temps plein\n']"
['Alternance - Chargé de Sécurité et Risque Opérationnel Infrastructure IT Reseau-(H/F)\n'],"
postée il y a 2 jours
",['\nFontenay-sous-Bois\n'],"['\nsécurité\n', '\nsecurité\n', '\nréseaux\n', '\ninfrastructure\n', '\nfirewall\n']","['\n', '\n', 'Société générale', '\n', 'Client final', '\n', '\n', '\nCDI - temps plein\n']"
['Référent Applicatif - Expert ICM (H/F)\n'],"
postée il y a 22 jours
",['\nIle-de-France\n'],"['\nsupport\n', '\nrecette\n', '\nsql\n', '\nmaintenance\n', '\noutils\n']","['\n', '\n', 'Natixis', '\n', 'Client final', '\n', '\n', '\nCDI - temps plein\n']"
['DEVELOPPEUR AGILE-(H/F)\n'],"
postée il y a 16 jours
",['\nCourbevoie\n'],"['\nagile\n', '\nsql\n', '\nsupport\n', '\npython\n', '\nbootstrap\n']","['\n', '\n', 'Société générale', '\n', 'Client final', '\n', '\n', '\nCDI - temps plein\n']"
['TECHNICAL LEADER H/F-(H/F)\n'],"
postée il y a 22 jours
",['\nFontenay-sous-Bois\n'],"['\nagile\n', '\nsql\n', '\nsupport\n', '\npython\n', '\nbootstrap\n']","['\n', '\n', 'Société générale', '\n', 'Client final', '\n', '\n', '\nCDI - temps plein\n']"
['AUDITEUR INTERNE - FILIERE RISQUES-(H/F)\n'],"
postée il y a 21 jours
",['\nLa Defense\n'],"['\nsécurité\n', '\nsecurité\n', '\ncommunication\n', '\nméthodologie\n']","['\n', '\n', 'Société générale', '\n', 'Client final', '\n', '\n', '\nCDI - temps plein\n']"
['Internship: Root Cause Analysis in complex distributed systems (H/F)\n'],"
postée hier
",['\nNozay\n'],"['\ncloud\n', '\nréseaux\n', '\nsystème\n', '\ninfrastructure\n', '\nc++\n']","['\n', '\n', 'Nokia', '\n', 'Client final', '\n', '\n', '\nCDI - temps plein\n']"
['DEVELOPPEUR AGILE-(H/F)\n'],"
postée il y a 13 jours
",['\nLa Defense\n'],"['\nagile\n', '\nsql\n', '\nsupport\n', '\npython\n', '\nbootstrap\n']","['\n', '\n', 'Société générale', '\n', 'Client final', '\n', '\n', '\nCDI - temps plein\n']"
['DEVELOPPEUR AGILE-(H/F)\n'],"
postée il y a 22 jours
",['\nLa Defense\n'],"['\nagile\n', '\nsql\n', '\nsupport\n', '\npython\n', '\nbootstrap\n']","['\n', '\n', 'Société générale', '\n', 'Client final', '\n', '\n', '\nCDI - temps plein\n']"
['\nIngénieur Systèmes Windows H/F\n'],"
postée il y a 1 mois
","['\nNanterre\n', '\n45.000,00 € - 55.000,00 € / an\n']","['\nsystème\n', '\nwindows\n', '\nmicrosoft\n', '\ncloud\n', '\nmaintenance\n']","['\n', '\n', 'EXPERTEAM', '\n', 'ESN', '\n', '\n', '\nCDI - temps plein\n']"
['Lead Developer – Expert Java Full Stack (H/F)\n'],"
postée il y a 22 jours
",['\nIle-de-France\n'],"['\njava\n', '\nsoa\n', '\njson\n', '\nsi\n', '\ngit\n']","['\n', '\n', 'Natixis', '\n', 'Client final', '\n', '\n', '\nCDI - temps plein\n']"
['ALTERNANCE - Concepteur logiciel H/F\n'],"
postée il y a 14 jours
",['\nBagneux\n'],"['\nsystème\n', '\numl\n', '\noutils\n', '\njava\n', '\nxml\n']","['\n', '\n', 'Naval Group', '\n', 'Client final', '\n', '\n', '\nCDI - temps plein\n']"
['Concepteur Développeur (H/F)\n'],"
postée il y a 22 jours
",['\nIle-de-France\n'],"['\noutils\n', '\n.net\n', '\nvba\n', '\nc#\n', '\nwindows\n']","['\n', '\n', 'Natixis', '\n', 'Client final', '\n', '\n', '\nCDI - temps plein\n']"
['Architecte Technique-(H/F)\n'],"
postée il y a 22 jours
",['\nFontenay-sous-Bois\n'],"['\nsi\n', '\nsecurité\n', '\nsécurité\n', '\nbig data\n', '\ncloud\n']","['\n', '\n', 'Société générale', '\n', 'Client final', '\n', '\n', '\nCDI - temps plein\n']"
"[""Alternance - Chargé d'Etudes et Développement Informatique Java - Bigdata-(H/F)\n""]","
postée il y a 21 jours
",['\nFontenay-sous-Bois\n'],"['\nsi\n', '\njava\n', '\nsupport\n', '\nbig data\n', '\nagile\n']","['\n', '\n', 'Société générale', '\n', 'Client final', '\n', '\n', '\nCDI - temps plein\n']"
['\nConsultant MSBI (H/F)\n'],"
postée il y a 23 jours
",['\nNanterre\n'],"['\nsap\n', '\nsi\n', '\nmoa\n', '\ninformatica\n', '\nmaintenance\n']","['\n', '\n', 'Aladium', '\n', 'Cabinet de recrutement', '\n', '\n', '\nCDD/Intérim - temps plein\n']"
['Architecte Cybersécurité H/F\n'],"
postée il y a 14 jours
",['\nBagneux\n'],"['\nsecurité\n', '\nsécurité\n', '\nsystème\n', '\nréseaux\n']","['\n', '\n', 'Naval Group', '\n', 'Client final', '\n', '\n', '\nCDI - temps plein\n']"
['Stage - Développeur / Software Craftsmanship-(H/F)\n'],"
postée il y a 22 jours
",['\nLa Defense\n'],"['\noutils\n', '\nweb\n', '\nsi\n', '\nsql\n', '\nsql server\n']","['\n', '\n', 'Société générale', '\n', 'Client final', '\n', '\n', '\nCDI - temps plein\n']"
['ALTERNANCE - Concepteur logiciel H/F\n'],"
postée il y a 14 jours
",['\nBagneux\n'],"['\nc++\n', '\njava\n', '\nsystème\n', '\nc\n', '\ntest\n']","['\n', '\n', 'Naval Group', '\n', 'Client final', '\n', '\n', '\nCDI - temps plein\n']"
['Architecte logiciel H/F\n'],"
postée il y a 14 jours
",['\nBagneux\n'],"['\nsystème\n', '\nsupport\n', '\nvalidation\n', '\nsecurité\n', '\noutils\n']","['\n', '\n', 'Naval Group', '\n', 'Client final', '\n', '\n', '\nCDI - temps plein\n']"
['Expert Infrastructures-(H/F)\n'],"
postée il y a 3 jours
",['\nFontenay-sous-Bois\n'],"['\nsécurité\n', '\nsi\n', '\nsupport\n', '\nsecurité\n', '\nréseaux\n']","['\n', '\n', 'Société générale', '\n', 'Client final', '\n', '\n', '\nCDI - temps plein\n']"
['Expert Infrastructures Scheduling-(H/F)\n'],"
postée il y a 17 jours
",['\nLa Defense\n'],"['\npython\n', '\nsupport\n', '\nshell\n', '\nsécurité\n', '\nlinux\n']","['\n', '\n', 'Société générale', '\n', 'Client final', '\n', '\n', '\nCDI - temps plein\n']"
['Référent Applicatif Business Intelligence Bi4 H/F\n'],"
postée il y a 17 jours
",['\nÎle-de-France\n'],"['\nsap\n', '\noutils\n', '\nsystème\n', '\nsi\n', '\nbusiness intelligence\n']","['\n', '\n', 'Safran-Group', '\n', 'Client final', '\n', '\n', '\nCDI - temps plein\n']"
['Concepteur logiciel H/F\n'],"
postée il y a 14 jours
",['\nBagneux\n'],"['\nsystème\n', '\noutils\n', '\nsécurité\n', '\nsupport\n', '\nsecurité\n']","['\n', '\n', 'Naval Group', '\n', 'Client final', '\n', '\n', '\nCDI - temps plein\n']"
['Responsable de l’Architecture & Interopérabilité - H/F\n'],"
postée il y a 2 heures
",['\nParis\n'],"['\noutils\n', '\nsi\n', '\nsécurité\n', '\nsupport\n', '\nsecurité\n']","['\n', '\n', 'Ramsay', '\n', 'Client final', '\n', '\n', '\nCDI - temps plein\n']"
['Chef de projet Senior Risque de Crédit (H/F)\n'],"
postée il y a 13 jours
",['\nIle-de-France\n'],"['\nréseaux\n', '\nsecurité\n', '\nblockchain\n', '\nsécurité\n', '\nbig data\n']","['\n', '\n', 'Natixis', '\n', 'Client final', '\n', '\n', '\nCDI - temps plein\n']"
['SAP Fiori Developer (H/F)\n'],"
postée il y a 27 jours
",['\nSaint-Ouen\n'],"['\nsap\n', '\nabap\n', '\nprogiciel\n', '\nsystème\n', '\nsupport\n']","['\n', '\n', 'Groupe ENGIE', '\n', 'Client final', '\n', '\n', '\nCDI - temps plein\n']"
['ENGIE Digital - Architecte Données (H/F)\n'],"
postée il y a 3 jours
",['\nParis\n'],"['\ndigital\n', '\noutils\n', '\nsecurité\n', '\nsécurité\n', '\nt-sql\n']","['\n', '\n', 'Groupe ENGIE', '\n', 'Client final', '\n', '\n', '\nCDI - temps plein\n']"
['Quality Assurance - Lead QA - Lead Acceptance H/F\n'],"
postée il y a 2 heures
",['\nBoulogne-Billancourt\n'],"['\ntest\n', '\nserveur\n', '\njquery\n', '\nmobile\n', '\ntdd\n']","['\n', '\n', 'Francaise des jeux', '\n', 'Client final', '\n', '\n', '\nCDI - temps plein\n']"
['\nDATA SCIENTIST\n'],"
postée il y a 16 jours
","['\nNEUILLY SUR SEINE\n', '\n38.000,00 € - 50.000,00 € / an\n']","['\nnosql\n', '\nunix\n', '\njava\n', '\nmachine learning\n', '\nlinux\n']","['\n', '\n', 'BEEZEN', '\n', 'ESN', '\n', '\n', '\nCDI - temps plein\n']"
['Datascientist (H/F)\n'],"
postée il y a 3 jours
",['\nSaint-Ouen\n'],"['\nbig data\n', '\nsupport\n', '\npython\n', '\nréseaux\n', '\nsecurité\n']","['\n', '\n', 'Groupe ENGIE', '\n', 'Client final', '\n', '\n', '\nCDI - temps plein\n']"
